{"count":1,"self":162.633984,"total":582.8165262,"children":{"InitializeActuators":{"count":128,"self":0.0010058,"total":0.0010058,"children":null},"InitializeSensors":{"count":128,"self":0.0010023999999999999,"total":0.0010023999999999999,"children":null},"AgentSendState":{"count":261284,"self":1.6162511,"total":8.902718,"children":{"CollectObservations":{"count":1003264,"self":2.2644336,"total":2.2644337,"children":null},"WriteActionMask":{"count":1003264,"self":0.67229339999999993,"total":0.67229339999999993,"children":null},"RequestDecision":{"count":1003264,"self":0.9604233,"total":4.3497398,"children":{"AgentInfo.ToProto":{"count":1003264,"self":0.9037805,"total":3.3893165,"children":{"GenerateSensorData":{"count":1003264,"self":2.4855359999999997,"total":2.4855359999999997,"children":null}}}}}}},"DecideAction":{"count":261284,"self":379.0563072,"total":379.0563165,"children":null},"AgentAct":{"count":261284,"self":31.623827199999997,"total":32.2215032,"children":{"AgentInfo.ToProto":{"count":96962,"self":0.2240858,"total":0.5976775,"children":{"GenerateSensorData":{"count":96962,"self":0.37359169999999997,"total":0.37359169999999997,"children":null}}}}}},"gauges":{"Sigma4First.CumulativeReward":{"count":48481,"max":2.506579,"min":-1.70098686,"runningAverage":0.9143094,"value":2.18519735,"weightedAverage":0.8779508},"Sigma4Second.CumulativeReward":{"count":48481,"max":2.47631574,"min":-1.76414466,"runningAverage":0.0240294,"value":-1.18388152,"weightedAverage":0.0193091854}},"metadata":{"timer_format_version":"0.1.0","start_time_seconds":"1714530796","unity_version":"2022.3.22f1","command_line_arguments":"C:\\Program Files\\Unity\\Hub\\Editor\\2022.3.22f1\\Editor\\Unity.exe -projectpath C:\\Users\\Anthony\\Desktop\\Sigma4 -useHub -hubIPC -cloudEnvironment production -licensingIpc LicenseClient-Anthony -hubSessionId 86e8de73-fc46-4292-ad70-afc40bd144c7 -accessToken dBQLlNsp_waoAS9W92I9IjQqc9KGotMGje1AvXaeZFU012f","communication_protocol_version":"1.5.0","com.unity.ml-agents_version":"2.0.1","scene_name":"GameWorld","end_time_seconds":"1714531379"}}