{"count":1,"self":2477.083648,"total":5140.7657051,"children":{"InitializeActuators":{"count":128,"self":0.0010197,"total":0.0010197,"children":null},"InitializeSensors":{"count":128,"self":0.0010002,"total":0.0010002,"children":null},"AgentSendState":{"count":2135401,"self":13.670912,"total":74.4767766,"children":{"CollectObservations":{"count":8199872,"self":18.394740799999997,"total":18.3947406,"children":null},"WriteActionMask":{"count":8199872,"self":5.2204312,"total":5.2204312999999996,"children":null},"RequestDecision":{"count":8199872,"self":7.6218176,"total":37.190692999999996,"children":{"AgentInfo.ToProto":{"count":8199872,"self":7.8650544,"total":29.5688751,"children":{"GenerateSensorData":{"count":8199872,"self":21.7038208,"total":21.703820399999998,"children":null}}}}}}},"DecideAction":{"count":2135401,"self":2313.6333824,"total":2313.6333892,"children":null},"AgentAct":{"count":2135401,"self":269.1659008,"total":275.56983679999996,"children":{"AgentInfo.ToProto":{"count":1252746,"self":2.2487244,"total":6.4039288,"children":{"GenerateSensorData":{"count":1252746,"self":4.1552044,"total":4.1552042999999994,"children":null}}}}}},"gauges":{"Sigma4.CumulativeReward":{"count":1252746,"max":2.54967117,"min":-1.762829,"runningAverage":0.305730641,"value":-1.60559213,"weightedAverage":-0.003242612}},"metadata":{"timer_format_version":"0.1.0","start_time_seconds":"1714520157","unity_version":"2022.3.22f1","command_line_arguments":"C:\\Program Files\\Unity\\Hub\\Editor\\2022.3.22f1\\Editor\\Unity.exe -projectpath C:\\Users\\Anthony\\Desktop\\Sigma4 -useHub -hubIPC -cloudEnvironment production -licensingIpc LicenseClient-Anthony -hubSessionId 86e8de73-fc46-4292-ad70-afc40bd144c7 -accessToken dBQLlNsp_waoAS9W92I9IjQqc9KGotMGje1AvXaeZFU012f","communication_protocol_version":"1.5.0","com.unity.ml-agents_version":"2.0.1","scene_name":"Training","end_time_seconds":"1714525297"}}